QEWS_VARIABLE_NAME,QEWS_TARGET,QEWS_ACCEPT_LEVEL,QEWS_UNACCEPT_LEVEL,QEWS_SIGMA,QEWS_RUNTIME,QEWS_FALSE_ALARM_RATE,QEWS_NUMBER_OF_POINTS,QEWS_TYPE_OF_CONTROL
TEMPF,20.783000,21.233000,21.533000,0.300000,,5000,1440,2
HUMIDITY,72.274000,79.774000,84.774000,5.000000,,5000,1440,2
PRESSURE,1010.000000,1025.000000,1035.000000,10.000000,,5000,1440,2
VIBRATIONH,0.000000,0.900000,1.500000,0.600000,,5000,1440,2
